{
  "factors": 99,
  "iterations": 27,
  "regularization": 0.47709099250993225,
  "alpha": 10.763389391720963
}