{
  "factors": 57,
  "iterations": 73,
  "learning_rate": 0.0013066739238053278,
  "regularization": 0.05399484409787434
}